001	16/02/2026	GANT NEREA	Bodega General 6	C-127915	RE-5666	20/02/2026 14:51	20/02/2026 15:04	Cemento portland	16	0	BB	23865	Elemento
002	16/02/2026	GANT NEREA	Bodega General 6	C-130346	RE-5811	16/02/2026 15:45	16/02/2026 15:52	Cemento portland	16	0	BB	24020	Elemento
003	16/02/2026	GANT NEREA	Bodega General 6	C-138333	RE-4667	16/02/2026 15:56	16/02/2026 16:02	Cemento portland	16	0	BB	24145	Elemento
004	16/02/2026	GANT NEREA	Bodega General 6	C-80307	RE-4840	16/02/2026 15:45	16/02/2026 15:54	Cemento portland	16	1	BB	24030	Elemento
005	16/02/2026	GANT NEREA	Bodega General 6	C-131183	RE-18478	16/02/2026 15:56	16/02/2026 16:02	Cemento portland	16	0	BB	24065	Elemento
006	16/02/2026	GANT NEREA	Bodega General 6	C-119910	RE-2813	16/02/2026 16:30	16/02/2026 16:36	Cemento portland	16	0	BB	23930	Elemento
007	16/02/2026	GANT NEREA	Bodega General 6	C-114825	RE-8879	16/02/2026 16:40	16/02/2026 16:48	Cemento portland	16	0	BB	24060	Elemento
008	16/02/2026	GANT NEREA	Bodega General 6	C-124370	RE-6893	16/02/2026 16:50	16/02/2026 16:57	Cemento portland	16	0	BB	24040	Elemento
009	16/02/2026	GANT NEREA	Bodega General 6	C-127350	RE-1597	16/02/2026 17:10	16/02/2026 17:16	Cemento portland	16	1	BB	24125	Elemento
010	16/02/2026	GANT NEREA	Bodega General 6	C-127915	RE-5666	16/02/2026 17:22	16/02/2026 17:29	Cemento portland	16	0	BB	23965	Elemento
011	16/02/2026	GANT NEREA	Bodega General 6	C-130346	RE-5811	16/02/2026 17:26	16/02/2026 17:31	Cemento portland	16	0	BB	23845	Elemento
012	16/02/2026	GANT NEREA	Bodega General 6	C-138333	RE-4667	16/02/2026 17:42	16/02/2026 17:53	Cemento portland	16	2	BB	23830	Elemento
013	16/02/2026	GANT NEREA	Bodega General 6	C-80307	RE-4840	16/02/2026 17:56	16/02/2026 18:03	Cemento portland	16	0	BB	24015	Elemento
014	16/02/2026	GANT NEREA	Bodega General 6	C-78800	RE-5368	16/02/2026 18:05	16/02/2026 18:11	Cemento portland	16	0	BB	23880	Elemento
015	16/02/2026	GANT NEREA	Bodega General 6	C-129331	RE-4372	16/02/2026 18:13	16/02/2026 18:17	Cemento portland	16	0	BB	23905	Elemento
016	16/02/2026	GANT NEREA	Bodega General 6	C-134691	RE-1134	16/02/2026 18:22	16/02/2026 18:28	Cemento portland	16	1	BB	23965	Elemento
017	16/02/2026	GANT NEREA	Bodega General 6	C-131183	RE-18478	16/02/2026 18:31	16/02/2026 18:36	Cemento portland	16	0	BB	24180	Elemento
018	16/02/2026	GANT NEREA	Bodega General 6	C-115883	RE-21098	16/02/2026 18:39	16/02/2026 18:44	Cemento portland	16	0	BB	24420	Elemento
019	16/02/2026	GANT NEREA	Bodega General 6	C-119910	RE-2813	16/02/2026 18:47	16/02/2026 18:54	Cemento portland	16	0	BB	23760	Elemento
020	16/02/2026	GANT NEREA	Bodega General 6	C-114825	RE-8879	16/02/2026 19:44	16/02/2026 19:52	Cemento portland	16	1	BB	23725	Elemento
021	16/02/2026	GANT NEREA	Bodega General 6	C-117956	RE-6237	16/02/2026 19:59	16/02/2026 20:06	Cemento portland	16	0	BB	23970	Elemento
022	16/02/2026	GANT NEREA	Bodega General 6	C-100269	RE-16458	16/02/2026 20:08	16/02/2026 20:13	Cemento portland	16	0	BB	23770	Elemento
023	16/02/2026	GANT NEREA	Bodega General 6	C-111665	RE-10527	16/02/2026 20:15	16/02/2026 20:20	Cemento portland	16	0	BB	24055	Elemento
024	16/02/2026	GANT NEREA	Bodega General 6	C-124370	RE-6893	16/02/2026 20:35	16/02/2026 20:42	Cemento portland	16	0	BB	23790	Elemento
025	16/02/2026	GANT NEREA	Bodega General 6	C-127915	RE-5666	16/02/2026 20:44	16/02/2026 20:51	Cemento portland	16	0	BB	23985	Elemento
026	16/02/2026	GANT NEREA	Bodega General 6	C-138333	RE-4667	16/02/2026 20:52	16/02/2026 20:57	Cemento portland	16	0	BB	24035	Elemento
027	16/02/2026	GANT NEREA	Bodega General 6	C-130346	RE-5811	16/02/2026 20:59	16/02/2026 21:04	Cemento portland	16	0	BB	23640	Elemento
028	16/02/2026	GANT NEREA	Bodega General 6	C-78800	RE-5368	16/02/2026 21:06	16/02/2026 21:10	Cemento portland	16	0	BB	24040	Elemento
029	16/02/2026	GANT NEREA	Bodega General 6	C-80307	RE-4840	16/02/2026 21:12	16/02/2026 21:17	Cemento portland	16	0	BB	23905	Elemento
030	16/02/2026	GANT NEREA	Bodega General 6	C-129331	RE-4372	16/02/2026 21:19	16/02/2026 21:23	Cemento portland	16	0	BB	23960	Elemento
031	16/02/2026	GANT NEREA	Bodega General 6	C-134691	RE-1134	16/02/2026 21:25	16/02/2026 21:30	Cemento portland	16	0	BB	23820	Elemento
032	16/02/2026	GANT NEREA	Bodega General 6	C-127350	RE-1597	16/02/2026 21:35	16/02/2026 21:40	Cemento portland	16	1	BB	23710	Elemento
033	16/02/2026	GANT NEREA	Bodega General 6	C-115883	RE-21098	16/02/2026 21:41	16/02/2026 21:47	Cemento portland	16	0	BB	23965	Elemento
034	16/02/2026	GANT NEREA	Bodega General 6	C-131183	RE-18478	16/02/2026 21:49	16/02/2026 21:54	Cemento portland	16	1	BB	24105	Elemento
035	16/02/2026	GANT NEREA	Bodega General 6	C-119910	RE-2813	16/02/2026 22:30	16/02/2026 22:35	Cemento portland	16	0	BB	23780	Elemento
036	16/02/2026	GANT NEREA	Bodega General 6	C-120284	RE-9677	16/02/2026 22:37	16/02/2026 22:41	Cemento portland	16	0	BB	24095	Elemento
037	16/02/2026	GANT NEREA	Bodega General 6	C-114825	RE-8879	16/02/2026 22:43	16/02/2026 22:48	Cemento portland	16	0	BB	24110	Elemento
038	16/02/2026	GANT NEREA	Bodega General 6	C-117956	RE-6237	16/02/2026 22:54	16/02/2026 22:59	Cemento portland	16	0	BB	23885	Elemento
040	16/02/2026	GANT NEREA	Bodega General 6	C-111665	RE-10527	16/02/2026 23:07	16/02/2026 23:12	Cemento portland	16	0	BB	24050	Elemento
039	16/02/2026	GANT NEREA	Bodega General 6	C-100269	RE-16458	16/02/2026 23:01	16/02/2026 23:06	Cemento portland	16	0	BB	24100	Elemento
041	16/02/2026	GANT NEREA	Bodega General 6	C-124370	RE-6893	16/02/2026 23:27	16/02/2026 23:32	Cemento portland	16	0	BB	23985	Elemento
042	16/02/2026	GANT NEREA	Bodega General 6	C-127915	RE-5666	16/02/2026 23:34	16/02/2026 23:39	Cemento portland	16	0	BB	23805	Elemento
043	16/02/2026	GANT NEREA	Bodega General 6	C-138333	RE-4667	16/02/2026 23:41	16/02/2026 23:46	Cemento portland	16	0	BB	23805	Elemento
044	16/02/2026	GANT NEREA	Bodega General 6	C-130346	RE-5811	16/02/2026 23:51	16/02/2026 23:56	Cemento portland	16	0	BB	23970	Elemento
045	16/02/2026	GANT NEREA	Bodega General 6	C-78800	RE-5368	16/02/2026 23:58	17/02/2026 0:03	Cemento portland	16	0	BB	24000	Elemento
046	17/02/2026	GANT NEREA	Bodega General 6	C-80307	RE-4840	17/02/2026 0:12	17/02/2026 0:18	Cemento portland	16	0	BB	24165	Elemento
047	17/02/2026	GANT NEREA	Bodega General 6	C-129331	RE-4372	17/02/2026 0:19	17/02/2026 0:25	Cemento portland	16	0	BB	24160	Elemento
048	17/02/2026	GANT NEREA	Bodega General 6	C-115883	RE-21098	17/02/2026 0:27	17/02/2026 0:37	Cemento portland	16	0	BB	23710	Elemento
049	17/02/2026	GANT NEREA	Bodega General 6	C-134691	RE-1134	17/02/2026 0:40	17/02/2026 0:45	Cemento portland	16	0	BB	24095	Elemento
050	17/02/2026	GANT NEREA	Bodega General 6	C-127350	RE-1597	17/02/2026 1:45	17/02/2026 1:49	Cemento portland	16	0	BB	23760	Elemento
051	17/02/2026	GANT NEREA	Bodega General 6	C-119910	RE-2813	17/02/2026 1:56	17/02/2026 2:01	Cemento portland	16	0	BB	23875	Elemento
052	17/02/2026	GANT NEREA	Bodega General 6	C-114825	RE-8879	17/02/2026 2:17	17/02/2026 2:22	Cemento portland	16	0	BB	23935	Elemento
053	17/02/2026	GANT NEREA	Bodega General 6	C-100269	RE-16458	17/02/2026 2:26	17/02/2026 2:31	Cemento portland	16	0	BB	23945	Elemento
054	17/02/2026	GANT NEREA	Bodega General 6	C-131183	RE-18478	17/02/2026 2:43	17/02/2026 2:48	Cemento portland	16	0	BB	23880	Elemento
055	17/02/2026	GANT NEREA	Bodega General 6	C-124370	RE-6893	17/02/2026 3:02	17/02/2026 3:06	Cemento portland	16	0	BB	23980	Elemento
056	17/02/2026	GANT NEREA	Bodega General 6	C-120284	RE-9677	17/02/2026 3:14	17/02/2026 3:19	Cemento portland	16	0	BB	23905	Elemento
057	17/02/2026	GANT NEREA	Bodega General 6	C-127915	RE-5666	17/02/2026 3:20	17/02/2026 3:26	Cemento portland	16	0	BB	24065	Elemento
058	17/02/2026	GANT NEREA	Bodega General 6	C-78800	RE-5368	17/02/2026 3:28	17/02/2026 3:33	Cemento portland	16	0	BB	23960	Elemento
059	17/02/2026	GANT NEREA	Bodega General 6	C-115883	RE-21098	17/02/2026 3:38	17/02/2026 3:43	Cemento portland	16	0	BB	23720	Elemento
060	17/02/2026	GANT NEREA	Bodega General 6	C-80307	RE-4840	17/02/2026 3:48	17/02/2026 3:54	Cemento portland	16	0	BB	23960	Elemento
061	17/02/2026	GANT NEREA	Bodega General 6	C-138333	RE-4667	17/02/2026 4:17	17/02/2026 4:24	Cemento portland	16	3	BB	23900	Elemento
062	17/02/2026	GANT NEREA	Bodega General 6	C-129331	RE-4372	17/02/2026 4:26	17/02/2026 4:32	Cemento portland	16	1	BB	23895	Elemento
063	17/02/2026	GANT NEREA	Bodega General 6	C-130346	RE-5811	17/02/2026 4:49	17/02/2026 4:54	Cemento portland	16	0	BB	24320	Elemento
064	17/02/2026	GANT NEREA	Bodega General 6	C-100269	RE-16458	17/02/2026 5:23	17/02/2026 5:29	Cemento portland	16	0	BB	24285	Elemento
065	17/02/2026	GANT NEREA	Bodega General 6	C-117956	RE-6237	17/02/2026 5:49	17/02/2026 5:56	Cemento portland	16	2	BB	24395	Elemento
066	17/02/2026	GANT NEREA	Bodega General 6	C-124370	RE-6893	17/02/2026 6:53	17/02/2026 6:59	Cemento portland	16	1	BB	23800	Elemento
067	17/02/2026	GANT NEREA	Bodega General 6	C-80307	RE-4840	17/02/2026 7:01	17/02/2026 7:07	Cemento portland	16	1	BB	23880	Elemento
068	17/02/2026	GANT NEREA	Bodega General 6	C-115883	RE-21098	17/02/2026 7:10	17/02/2026 7:15	Cemento portland	16	0	BB	24230	Elemento
069	17/02/2026	GANT NEREA	Bodega General 6	C-130346	RE-5811	17/02/2026 7:08	17/02/2026 7:23	Cemento portland	16	0	BB	24090	Elemento
070	17/02/2026	GANT NEREA	Bodega General 6	C-119910	RE-2813	17/02/2026 11:17	17/02/2026 11:23	Cemento portland	16	1	BB	23825	Elemento
071	17/02/2026	GANT NEREA	Bodega General 6	C-100269	RE-16458	17/02/2026 7:52	17/02/2026 7:57	Cemento portland	16	0	BB	23950	Elemento
072	17/02/2026	GANT NEREA	Bodega General 6	C-134691	RE-1134	17/02/2026 7:59	17/02/2026 8:04	Cemento portland	16	0	BB	23935	Elemento
073	17/02/2026	GANT NEREA	Bodega General 6	C-111665	RE-10527	17/02/2026 8:05	17/02/2026 8:10	Cemento portland	16	0	BB	23995	Elemento
074	17/02/2026	GANT NEREA	Bodega General 6	C-117956	RE-6237	17/02/2026 8:12	17/02/2026 8:18	Cemento portland	16	0	BB	23975	Elemento
075	17/02/2026	GANT NEREA	Bodega General 6	C-129331	RE-4372	17/02/2026 11:17	17/02/2026 11:23	Cemento portland	16	1	BB	24095	Elemento
076	17/02/2026	GANT NEREA	Bodega General 6	C-124370	RE-6893	17/02/2026 11:17	17/02/2026 11:23	Cemento portland	16	1	BB	23960	Elemento
077	17/02/2026	GANT NEREA	Bodega General 6	C-80307	RE-4840	17/02/2026 9:22	17/02/2026 9:27	Cemento portland	16	0	BB	24050	Elemento
078	17/02/2026	GANT NEREA	Bodega General 6	C-115883	RE-21098	17/02/2026 11:17	17/02/2026 11:23	Cemento portland	16	0	BB	24175	Elemento
079	17/02/2026	GANT NEREA	Bodega General 6	C-130346	RE-5811	17/02/2026 9:41	17/02/2026 9:46	Cemento portland	16	0	BB	24095	Elemento
080	17/02/2026	GANT NEREA	Bodega General 6	C-78800	RE-5368	17/02/2026 9:48	17/02/2026 9:54	Cemento portland	16	0	BB	23880	Elemento
081	17/02/2026	GANT NEREA	Bodega General 6	C-120284	RE-9677	17/02/2026 9:59	17/02/2026 10:07	Cemento portland	16	1	BB	24180	Elemento
082	17/02/2026	GANT NEREA	Bodega General 6	C-127350	RE-1597	17/02/2026 10:09	17/02/2026 10:14	Cemento portland	16	0	BB	23930	Elemento
083	17/02/2026	GANT NEREA	Bodega General 6	C-127915	RE-5666	17/02/2026 10:17	17/02/2026 10:24	Cemento portland	16	0	BB	23995	Elemento
084	17/02/2026	GANT NEREA	Bodega General 6	C-134691	RE-1134	17/02/2026 10:24	17/02/2026 10:34	Cemento portland	16	0	BB	24090	Elemento
085	17/02/2026	GANT NEREA	Bodega General 6	C-100269	RE-16458	17/02/2026 10:36	17/02/2026 10:43	Cemento portland	16	0	BB	24080	Elemento
086	17/02/2026	GANT NEREA	Bodega General 6	C-131183	RE-18478	17/02/2026 10:46	17/02/2026 10:53	Cemento portland	16	0	BB	23545	Elemento
087	17/02/2026	GANT NEREA	Bodega General 6	C-117956	RE-6237	17/02/2026 10:56	17/02/2026 11:04	Cemento portland	16	0	BB	23940	Elemento
088	17/02/2026	GANT NEREA	Bodega General 6	C-114825	RE-8879	17/02/2026 11:17	17/02/2026 11:23	Cemento portland	16	1	BB	23900	Elemento
089	17/02/2026	GANT NEREA	Bodega General 6	C-138333	RE-4667	17/02/2026 11:17	17/02/2026 11:23	Cemento portland	16	0	BB	23890	Elemento
090	17/02/2026	GANT NEREA	Bodega General 6	C-129331	RE-4372	17/02/2026 11:25	17/02/2026 11:30	Cemento portland	16	0	BB	24120	Elemento
091	17/02/2026	GANT NEREA	Bodega General 6	C-119910	RE-2813	17/02/2026 11:33	17/02/2026 11:38	Cemento portland	16	0	BB	23870	Elemento
092	17/02/2026	GANT NEREA	Bodega General 6	C-124370	RE-6893	17/02/2026 11:40	17/02/2026 11:47	Cemento portland	16	1	BB	23870	Elemento
093	17/02/2026	GANT NEREA	Bodega General 6	C-80307	RE-4840	17/02/2026 11:57	17/02/2026 12:03	Cemento portland	16	0	BB	23915	Elemento
094	17/02/2026	GANT NEREA	Bodega General 6	C-115883	RE-21098	17/02/2026 11:57	17/02/2026 12:03	Cemento portland	16	0	BB	23510	Elemento
095	17/02/2026	GANT NEREA	Bodega General 6	C-130346	RE-5811	17/02/2026 12:10	17/02/2026 12:15	Cemento portland	16	0	BB	23895	Elemento
096	17/02/2026	GANT NEREA	Bodega General 6	C-78800	RE-5368	17/02/2026 13:06	17/02/2026 13:12	Cemento portland	16	0	BB	23895	Elemento
097	17/02/2026	GANT NEREA	Bodega General 6	C-111665	RE-10527	17/02/2026 13:15	17/02/2026 13:21	Cemento portland	16	0	BB	23965	Elemento
098	17/02/2026	GANT NEREA	Bodega General 6	C-127350	RE-1597	17/02/2026 13:32	17/02/2026 13:36	Cemento portland	16	0	BB	23865	Elemento
099	17/02/2026	GANT NEREA	Bodega General 6	C-127915	RE-5666	17/02/2026 13:39	17/02/2026 13:44	Cemento portland	16	1	BB	23975	Elemento
100	17/02/2026	GANT NEREA	Bodega General 6	C-134691	RE-1134	17/02/2026 13:48	17/02/2026 13:52	Cemento portland	16	0	BB	23830	Elemento
101	17/02/2026	GANT NEREA	Bodega General 6	C-100269	RE-16458	17/02/2026 14:06	17/02/2026 14:27	Cemento portland	16	1	BB	24090	Elemento
102	17/02/2026	GANT NEREA	Bodega General 6	C-131183	RE-18478	17/02/2026 14:30	17/02/2026 14:36	Cemento portland	16	0	BB	23960	Elemento
103	17/02/2026	GANT NEREA	Bodega General 6	C-117956	RE-6237	17/02/2026 14:38	17/02/2026 14:42	Cemento portland	16	0	BB	23870	Elemento
104	17/02/2026	GANT NEREA	Bodega General 6	C-138333	RE-4667	17/02/2026 14:45	17/02/2026 14:51	Cemento portland	16	0	BB	23955	Elemento
105	17/02/2026	GANT NEREA	Bodega General 6	C-114825	RE-8879	17/02/2026 14:52	17/02/2026 14:57	Cemento portland	16	0	BB	23995	Elemento
106	17/02/2026	GANT NEREA	Bodega General 6	C-124370	RE-6893	17/02/2026 15:01	17/02/2026 15:05	Cemento portland	16	0	BB	23965	Elemento
107	17/02/2026	GANT NEREA	Bodega General 6	C-119910	RE-2813	17/02/2026 15:09	17/02/2026 15:15	Cemento portland	16	0	BB	23900	Elemento
108	17/02/2026	GANT NEREA	Bodega General 6	C-80307	RE-4840	17/02/2026 15:19	17/02/2026 15:24	Cemento portland	16	0	BB	24060	Elemento
109	17/02/2026	GANT NEREA	Bodega General 6	C-130346	RE-5811	17/02/2026 15:39	17/02/2026 15:43	Cemento portland	16	0	BB	23885	Elemento
110	17/02/2026	GANT NEREA	Bodega General 6	C-115883	RE-21098	17/02/2026 15:49	17/02/2026 15:54	Cemento portland	16	0	BB	23855	Elemento
111	17/02/2026	GANT NEREA	Bodega General 6	C-129331	RE-4372	17/02/2026 16:00	17/02/2026 16:04	Cemento portland	16	0	BB	23925	Elemento
112	17/02/2026	GANT NEREA	Bodega General 6	C-120284	RE-9677	17/02/2026 16:11	17/02/2026 16:15	Cemento portland	16	0	BB	24075	Elemento
113	17/02/2026	GANT NEREA	Bodega General 6	C-78800	RE-5368	17/02/2026 16:21	17/02/2026 16:25	Cemento portland	16	0	BB	23960	Elemento
114	17/02/2026	GANT NEREA	Bodega General 6	C-111665	RE-10527	17/02/2026 16:29	17/02/2026 16:35	Cemento portland	16	0	BB	23900	Elemento
115	17/02/2026	GANT NEREA	Bodega General 6	C-127915	RE-5666	17/02/2026 16:48	17/02/2026 16:52	Cemento portland	16	1	BB	23930	Elemento
116	17/02/2026	GANT NEREA	Bodega General 6	C-134691	RE-1134	17/02/2026 17:04	17/02/2026 17:09	Cemento portland	16	0	BB	24110	Elemento
117	17/02/2026	GANT NEREA	Bodega General 6	C-117956	RE-6237	17/02/2026 18:00	17/02/2026 18:10	Cemento portland	16	0	BB	24545	Elemento
118	17/02/2026	GANT NEREA	Bodega General 6	C-138333	RE-4667	17/02/2026 18:12	17/02/2026 18:19	Cemento portland	16	0	BB	24050	Elemento
119	17/02/2026	GANT NEREA	Bodega General 6	C-114825	RE-8879	17/02/2026 18:20	17/02/2026 18:28	Cemento portland	16	0	BB	24045	Elemento
120	17/02/2026	GANT NEREA	Bodega General 6	C-127350	RE-1597	17/02/2026 18:35	17/02/2026 18:44	Cemento portland	16	0	BB	24400	Elemento
121	17/02/2026	GANT NEREA	Bodega General 6	C-119910	RE-2813	17/02/2026 18:47	17/02/2026 18:53	Cemento portland	16	0	BB	24115	Elemento
122	17/02/2026	GANT NEREA	Bodega General 6	C-80307	RE-4840	17/02/2026 18:58	17/02/2026 19:04	Cemento portland	16	0	BB	23865	Elemento
123	17/02/2026	GANT NEREA	Bodega General 6	C-130346	RE-5811	17/02/2026 19:15	17/02/2026 19:25	Cemento portland	16	0	BB	24040	Elemento
124	17/02/2026	GANT NEREA	Bodega General 6	C-100269	RE-16458	17/02/2026 19:44	17/02/2026 19:58	Cemento portland	16	0	BB	24120	Elemento
125	17/02/2026	GANT NEREA	Bodega General 6	C-131183	RE-18478	17/02/2026 20:06	17/02/2026 20:17	Cemento portland	16	0	BB	23800	Elemento
126	17/02/2026	GANT NEREA	Bodega General 6	C-115883	RE-21098	17/02/2026 20:21	17/02/2026 20:27	Cemento portland	16	0	BB	23970	Elemento
127	17/02/2026	GANT NEREA	Bodega General 6	C-129331	RE-4372	17/02/2026 20:36	17/02/2026 20:42	Cemento portland	16	0	BB	23985	Elemento
128	17/02/2026	GANT NEREA	Bodega General 6	C-120284	RE-9677	17/02/2026 20:48	17/02/2026 20:52	Cemento portland	16	0	BB	24030	Elemento
129	17/02/2026	GANT NEREA	Bodega General 6	C-78800	RE-5368	17/02/2026 21:00	17/02/2026 21:03	Cemento portland	16	0	BB	23860	Elemento
130	17/02/2026	GANT NEREA	Bodega General 6	C-111665	RE-10527	17/02/2026 21:08	17/02/2026 21:14	Cemento portland	16	0	BB	23895	Elemento
131	17/02/2026	GANT NEREA	Bodega General 6	C-127915	RE-5666	17/02/2026 21:32	17/02/2026 21:37	Cemento portland	16	0	BB	24070	Elemento
132	17/02/2026	GANT NEREA	Bodega General 6	C-134691	RE-1134	17/02/2026 21:39	17/02/2026 21:44	Cemento portland	16	0	BB	23945	Elemento
133	17/02/2026	GANT NEREA	Bodega General 6	C-117956	RE-6237	17/02/2026 21:53	17/02/2026 21:59	Cemento portland	16	0	BB	24105	Elemento
134	17/02/2026	GANT NEREA	Bodega General 6	C-124370	RE-6893	17/02/2026 22:01	17/02/2026 22:13	Cemento portland	16	0	BB	24050	Elemento
135	17/02/2026	GANT NEREA	Bodega General 6	C-114825	RE-8879	17/02/2026 22:15	17/02/2026 22:20	Cemento portland	16	1	BB	23935	Elemento
136	17/02/2026	GANT NEREA	Bodega General 6	C-127350	RE-1597	17/02/2026 22:22	17/02/2026 22:28	Cemento portland	16	1	BB	24155	Elemento
137	17/02/2026	GANT NEREA	Bodega General 6	C-80307	RE-4840	17/02/2026 22:29	17/02/2026 22:34	Cemento portland	16	0	BB	23985	Elemento
138	17/02/2026	GANT NEREA	Bodega General 6	C-130346	RE-5811	17/02/2026 22:37	17/02/2026 22:41	Cemento portland	16	0	BB	23935	Elemento
139	17/02/2026	GANT NEREA	Bodega General 6	C-138333	RE-4667	17/02/2026 22:44	17/02/2026 22:48	Cemento portland	16	0	BB	24060	Elemento
140	17/02/2026	GANT NEREA	Bodega General 6	C-100269	RE-16458	17/02/2026 22:57	17/02/2026 23:01	Cemento portland	16	0	BB	23810	Elemento
141	17/02/2026	GANT NEREA	Bodega General 6	C-119910	RE-2813	17/02/2026 23:05	17/02/2026 23:10	Cemento portland	16	0	BB	23935	Elemento
142	18/02/2026	GANT NEREA	Bodega General 6	C-111665	RE-10527	18/02/2026 0:07	18/02/2026 0:14	Cemento portland	16	0	BB	24195	Elemento
143	18/02/2026	GANT NEREA	Bodega General 6	C-131183	RE-18478	18/02/2026 0:16	18/02/2026 0:22	Cemento portland	16	0	BB	24090	Elemento
144	18/02/2026	GANT NEREA	Bodega General 6	C-127915	RE-5666	18/02/2026 0:24	18/02/2026 0:30	Cemento portland	16	0	BB	24120	Elemento
145	18/02/2026	GANT NEREA	Bodega General 6	C-120284	RE-9677	18/02/2026 0:34	18/02/2026 0:40	Cemento portland	16	0	BB	24005	Elemento
146	18/02/2026	GANT NEREA	Bodega General 6	C-134691	RE-1134	18/02/2026 0:43	18/02/2026 0:47	Cemento portland	16	0	BB	23970	Elemento
147	18/02/2026	GANT NEREA	Bodega General 6	C-78800	RE-5368	18/02/2026 0:50	18/02/2026 0:57	Cemento portland	16	0	BB	24105	Elemento
148	18/02/2026	GANT NEREA	Bodega General 6	C-117956	RE-6237	18/02/2026 0:59	18/02/2026 1:03	Cemento portland	16	0	BB	23985	Elemento
149	18/02/2026	GANT NEREA	Bodega General 6	C-114825	RE-8879	18/02/2026 1:07	18/02/2026 1:11	Cemento portland	16	0	BB	24295	Elemento
150	18/02/2026	GANT NEREA	Bodega General 6	C-80307	RE-4840	18/02/2026 1:13	18/02/2026 1:18	Cemento portland	16	0	BB	23825	Elemento
151	18/02/2026	GANT NEREA	Bodega General 6	C-130346	RE-5811	18/02/2026 1:23	18/02/2026 1:32	Cemento portland	16	0	BB	23885	Elemento
152	18/02/2026	GANT NEREA	Bodega General 6	C-127350	RE-1597	18/02/2026 1:34	18/02/2026 1:40	Cemento portland	16	1	BB	24030	Elemento
153	18/02/2026	GANT NEREA	Bodega General 6	C-100269	RE-16458	18/02/2026 1:42	18/02/2026 1:47	Cemento portland	16	0	BB	23980	Elemento
154	18/02/2026	GANT NEREA	Bodega General 6	C-138333	RE-4667	18/02/2026 1:49	18/02/2026 1:55	Cemento portland	16	1	BB	23985	Elemento
155	18/02/2026	GANT NEREA	Bodega General 6	C-129331	RE-4372	18/02/2026 3:02	18/02/2026 3:06	Cemento portland	16	0	BB	24055	Elemento
156	18/02/2026	GANT NEREA	Bodega General 6	C-131183	RE-18478	18/02/2026 3:20	18/02/2026 3:25	Cemento portland	16	0	BB	24020	Elemento
157	18/02/2026	GANT NEREA	Bodega General 6	C-127915	RE-5666	18/02/2026 3:30	18/02/2026 3:35	Cemento portland	16	0	BB	24100	Elemento
158	18/02/2026	GANT NEREA	Bodega General 6	C-134691	RE-1134	18/02/2026 3:39	18/02/2026 3:43	Cemento portland	16	0	BB	24095	Elemento
159	18/02/2026	GANT NEREA	Bodega General 6	C-80307	RE-4840	18/02/2026 4:26	18/02/2026 4:29	Cemento portland	16	0	BB	24115	Elemento
160	18/02/2026	GANT NEREA	Bodega General 6	C-117956	RE-6237	18/02/2026 4:31	18/02/2026 4:35	Cemento portland	16	0	BB	24130	Elemento
161	18/02/2026	GANT NEREA	Bodega General 6	C-114825	RE-8879	18/02/2026 4:54	18/02/2026 4:59	Cemento portland	16	0	BB	24085	Elemento
162	18/02/2026	GANT NEREA	Bodega General 6	C-127350	RE-1597	18/02/2026 5:01	18/02/2026 5:05	Cemento portland	16	0	BB	24100	Elemento
163	18/02/2026	GANT NEREA	Bodega General 6	C-100269	RE-16458	18/02/2026 5:07	18/02/2026 5:11	Cemento portland	16	0	BB	23950	Elemento
164	18/02/2026	GANT NEREA	Bodega General 6	C-129331	RE-4372	18/02/2026 5:13	18/02/2026 5:18	Cemento portland	16	0	BB	23970	Elemento
165	18/02/2026	GANT NEREA	Bodega General 6	C-124370	RE-6893	18/02/2026 5:32	18/02/2026 5:36	Cemento portland	16	0	BB	23925	Elemento
166	18/02/2026	GANT NEREA	Bodega General 6	C-80307	RE-4840	18/02/2026 6:22	18/02/2026 6:28	Cemento portland	16	0	BB	23875	Elemento
167	18/02/2026	GANT NEREA	Bodega General 6	C-115883	RE-21098	18/02/2026 6:30	18/02/2026 6:35	Cemento portland	16	0	BB	24210	Elemento
168	18/02/2026	GANT NEREA	Bodega General 6	C-130346	RE-5811	18/02/2026 6:38	18/02/2026 6:42	Cemento portland	16	0	BB	24035	Elemento
169	18/02/2026	GANT NEREA	Bodega General 6	C-100269	RE-16458	18/02/2026 6:47	18/02/2026 6:55	Cemento portland	16	0	BB	23985	Elemento
170	18/02/2026	GANT NEREA	Bodega General 6	C-129331	RE-4372	18/02/2026 6:57	18/02/2026 7:04	Cemento portland	16	0	BB	23980	Elemento
171	18/02/2026	GANT NEREA	Bodega General 6	C-114825	RE-8879	18/02/2026 7:12	18/02/2026 7:19	Cemento portland	16	0	BB	24015	Elemento
172	18/02/2026	GANT NEREA	Bodega General 6	C-119910	RE-2813	18/02/2026 7:50	18/02/2026 7:57	Cemento portland	16	1	BB	24045	Elemento
173	18/02/2026	GANT NEREA	Bodega General 6	C-124370	RE-6893	18/02/2026 13:52	18/02/2026 14:00	Cemento portland	16	0	BB	23965	Elemento
174	18/02/2026	GANT NEREA	Bodega General 6	C-120284	RE-9677	18/02/2026 8:07	18/02/2026 8:13	Cemento portland	16	0	BB	23575	Elemento
175	18/02/2026	GANT NEREA	Bodega General 6	C-80307	RE-4840	18/02/2026 8:46	18/02/2026 8:52	Cemento portland	16	0	BB	23930	Elemento
176	18/02/2026	GANT NEREA	Bodega General 6	C-117956	RE-6237	18/02/2026 8:53	18/02/2026 9:00	Cemento portland	16	0	BB	23980	Elemento
177	18/02/2026	GANT NEREA	Bodega General 6	C-115883	RE-21098	18/02/2026 9:02	18/02/2026 9:06	Cemento portland	16	0	BB	23930	Elemento
178	18/02/2026	GANT NEREA	Bodega General 6	C-130346	RE-5811	18/02/2026 9:08	18/02/2026 9:13	Cemento portland	16	0	BB	23865	Elemento
179	18/02/2026	GANT NEREA	Bodega General 6	C-100269	RE-16458	18/02/2026 9:15	18/02/2026 9:21	Cemento portland	16	0	BB	23835	Elemento
180	18/02/2026	GANT NEREA	Bodega General 6	C-114825	RE-8879	18/02/2026 9:23	18/02/2026 9:28	Cemento portland	16	0	BB	24060	Elemento
181	18/02/2026	GANT NEREA	Bodega General 6	C-131295	RE-11257	18/02/2026 11:23	18/02/2026 11:29	Cemento portland	16	0	BB	23835	Elemento
182	18/02/2026	GANT NEREA	Bodega General 6	C-111665	RE-10527	18/02/2026 11:23	18/02/2026 11:29	Cemento portland	16	0	BB	23895	Elemento
183	18/02/2026	GANT NEREA	Bodega General 6	C-129331	RE-4372	18/02/2026 11:23	18/02/2026 11:29	Cemento portland	16	0	BB	23950	Elemento
184	18/02/2026	GANT NEREA	Bodega General 6	C-119910	RE-2813	18/02/2026 14:36	18/02/2026 14:43	Cemento portland	16	0	BB	23925	Elemento
185	18/02/2026	GANT NEREA	Bodega General 6	C-78800	RE-5368	18/02/2026 10:19	18/02/2026 10:28	Cemento portland	16	0	BB	23995	Elemento
186	18/02/2026	GANT NEREA	Bodega General 6	C-124370	RE-6893	18/02/2026 10:19	18/02/2026 10:39	Cemento portland	16	0	BB	23865	Elemento
187	18/02/2026	GANT NEREA	Bodega General 6	C-131183	RE-18478	18/02/2026 10:41	18/02/2026 10:47	Cemento portland	16	0	BB	23860	Elemento
188	18/02/2026	GANT NEREA	Bodega General 6	C-138333	RE-4667	18/02/2026 11:09	18/02/2026 11:18	Cemento portland	16	0	BB	23940	Elemento
189	18/02/2026	GANT NEREA	Bodega General 6	C-127915	RE-5666	18/02/2026 11:23	18/02/2026 11:29	Cemento portland	16	0	BB	24075	Elemento
190	18/02/2026	GANT NEREA	Bodega General 6	C-120284	RE-9677	18/02/2026 11:37	18/02/2026 11:53	Cemento portland	16	0	BB	24055	Elemento
191	18/02/2026	GANT NEREA	Bodega General 6	C-115883	RE-21098	18/02/2026 12:43	18/02/2026 12:52	Cemento portland	16	0	BB	24045	Elemento
192	18/02/2026	GANT NEREA	Bodega General 6	C-130346	RE-5811	18/02/2026 12:56	18/02/2026 13:05	Cemento portland	16	1	BB	23865	Elemento
201	18/02/2026	GANT NEREA	Bodega General 1	C-127350	RE-1597	18/02/2026 13:07	18/02/2026 13:16	Cemento portland	16	0	BB	24325	Elemento
193	18/02/2026	GANT NEREA	Bodega General 6	C-100269	RE-16458	18/02/2026 13:09	18/02/2026 13:19	Cemento portland	16	0	BB	23720	Elemento
194	18/02/2026	GANT NEREA	Bodega General 6	C-114825	RE-8879	18/02/2026 13:21	18/02/2026 13:37	Cemento portland	16	0	BB	23890	Elemento
202	18/02/2026	GANT NEREA	Bodega General 1	C-111665	RE-10527	18/02/2026 13:18	18/02/2026 13:36	Cemento portland	16	0	BB	24175	Elemento
195	18/02/2026	GANT NEREA	Bodega General 6	C-131295	RE-11257	18/02/2026 13:40	18/02/2026 13:50	Cemento portland	16	0	BB	23940	Elemento
203	18/02/2026	GANT NEREA	Bodega General 1	C-119910	RE-2813	18/02/2026 13:41	18/02/2026 13:57	Cemento portland	16	0	BB	23885	Elemento
196	18/02/2026	GANT NEREA	Bodega General 6	C-129331	RE-4372	18/02/2026 13:52	18/02/2026 14:00	Cemento portland	16	0	BB	23920	Elemento
197	18/02/2026	GANT NEREA	Bodega General 6	C-78800	RE-5368	18/02/2026 14:03	18/02/2026 14:10	Cemento portland	16	0	BB	23790	Elemento
204	18/02/2026	GANT NEREA	Bodega General 1	C-131183	RE-18478	18/02/2026 14:00	18/02/2026 14:15	Cemento portland	16	0	BB	24090	Elemento
198	18/02/2026	GANT NEREA	Bodega General 6	C-124370	RE-6893	18/02/2026 14:18	18/02/2026 14:25	Cemento portland	16	0	BB	24075	Elemento
199	18/02/2026	GANT NEREA	Bodega General 6	C-138333	RE-4667	18/02/2026 14:27	18/02/2026 14:34	Cemento portland	16	0	BB	23910	Elemento
200	18/02/2026	GANT NEREA	Bodega General 6	C-120284	RE-9677	18/02/2026 14:36	18/02/2026 14:43	Cemento portland	16	0	BB	23965	Elemento
205	18/02/2026	GANT NEREA	Bodega General 1	C-127915	RE-5666	18/02/2026 14:27	18/02/2026 14:44	Cemento portland	16	0	BB	23965	Elemento
206	18/02/2026	GANT NEREA	Bodega General 1	C-115883	RE-21098	18/02/2026 17:38	18/02/2026 17:50	Cemento portland	16	0	BB	23970	Elemento
221	18/02/2026	GANT NEREA	Bodega General 6	C-130346	RE-5811	18/02/2026 15:57	18/02/2026 16:04	Cemento portland	16	0	BB	23960	Elemento
222	18/02/2026	GANT NEREA	Bodega General 6	C-127350	RE-1597	18/02/2026 16:06	18/02/2026 16:12	Cemento portland	16	0	BB	23940	Elemento
223	18/02/2026	GANT NEREA	Bodega General 6	C-100269	RE-16458	18/02/2026 16:21	18/02/2026 16:29	Cemento portland	16	0	BB	23985	Elemento
224	18/02/2026	GANT NEREA	Bodega General 6	C-131295	RE-11257	18/02/2026 16:37	18/02/2026 16:45	Cemento portland	16	0	BB	24155	Elemento
225	18/02/2026	GANT NEREA	Bodega General 6	C-119910	RE-2813	18/02/2026 16:53	18/02/2026 17:00	Cemento portland	16	0	BB	24110	Elemento
226	18/02/2026	GANT NEREA	Bodega General 6	C-80307	RE-4840	18/02/2026 17:10	18/02/2026 17:18	Cemento portland	16	0	BB	23770	Elemento
227	18/02/2026	GANT NEREA	Bodega General 6	C-134940	RE-7682	18/02/2026 17:28	18/02/2026 17:35	Cemento portland	16	0	BB	23900	Elemento
228	18/02/2026	GANT NEREA	Bodega General 6	C-131183	RE-18478	18/02/2026 17:37	18/02/2026 17:47	Cemento portland	16	1	BB	23770	Elemento
207	18/02/2026	GANT NEREA	Bodega General 1	C-124370	RE-6893	18/02/2026 17:38	18/02/2026 17:50	Cemento portland	16	0	BB	23925	Elemento
229	18/02/2026	GANT NEREA	Bodega General 6	C-138333	RE-4667	18/02/2026 17:59	18/02/2026 18:05	Cemento portland	16	0	BB	23900	Elemento
230	18/02/2026	GANT NEREA	Bodega General 6	C-120284	RE-9677	18/02/2026 18:07	18/02/2026 18:14	Cemento portland	16	0	BB	23845	Elemento
231	18/02/2026	GANT NEREA	Bodega General 6	C-129331	RE-4372	18/02/2026 18:31	18/02/2026 18:39	Cemento portland	16	0	BB	24020	Elemento
208	18/02/2026	GANT NEREA	Bodega General 1	C-127915	RE-5666	18/02/2026 18:29	18/02/2026 18:43	Cemento portland	16	0	BB	23945	Elemento
232	18/02/2026	GANT NEREA	Bodega General 6	C-111665	RE-10527	18/02/2026 18:54	18/02/2026 19:03	Cemento portland	16	2	BB	24125	Elemento
233	18/02/2026	GANT NEREA	Bodega General 6	C-130346	RE-5811	18/02/2026 19:32	18/02/2026 19:40	Cemento portland	16	0	BB	23875	Elemento
209	18/02/2026	GANT NEREA	Bodega General 1	C-115883	RE-21098	18/02/2026 19:32	18/02/2026 19:44	Cemento portland	16	0	BB	23900	Elemento
234	18/02/2026	GANT NEREA	Bodega General 6	C-127350	RE-1597	18/02/2026 19:42	18/02/2026 19:47	Cemento portland	16	0	BB	23875	Elemento
235	18/02/2026	GANT NEREA	Bodega General 6	C-131295	RE-11257	18/02/2026 20:52	18/02/2026 20:59	Cemento portland	16	0	BB	23925	Elemento
236	18/02/2026	GANT NEREA	Bodega General 6	C-117956	RE-6237	18/02/2026 21:05	18/02/2026 21:10	Cemento portland	16	0	BB	23925	Elemento
237	18/02/2026	GANT NEREA	Bodega General 6	C-80307	RE-4840	18/02/2026 21:22	18/02/2026 21:30	Cemento portland	16	0	BB	23935	Elemento
238	18/02/2026	GANT NEREA	Bodega General 6	C-134940	RE-7682	18/02/2026 21:56	18/02/2026 22:06	Cemento portland	16	0	BB	23845	Elemento
239	18/02/2026	GANT NEREA	Bodega General 6	C-124370	RE-6893	18/02/2026 22:09	18/02/2026 22:14	Cemento portland	16	0	BB	23955	Elemento
240	18/02/2026	GANT NEREA	Bodega General 6	C-115856	RE-15479	18/02/2026 22:17	18/02/2026 22:22	Cemento portland	16	0	BB	24055	Elemento
241	18/02/2026	GANT NEREA	Bodega General 6	C-119910	RE-2813	18/02/2026 22:25	18/02/2026 22:30	Cemento portland	16	0	BB	24010	Elemento
242	18/02/2026	GANT NEREA	Bodega General 6	C-129331	RE-4372	18/02/2026 22:32	18/02/2026 22:36	Cemento portland	16	0	BB	24105	Elemento
243	18/02/2026	GANT NEREA	Bodega General 6	C-111665	RE-10527	18/02/2026 22:38	18/02/2026 22:50	Cemento portland	16	0	BB	23835	Elemento
210	18/02/2026	GANT NEREA	Bodega General 1	C-125814	RE-1804	18/02/2026 22:39	18/02/2026 22:53	Cemento portland	16	0	BB	23930	Elemento
211	18/02/2026	GANT NEREA	Bodega General 1	C-130346	RE-5811	18/02/2026 22:55	18/02/2026 23:07	Cemento portland	16	0	BB	23970	Elemento
212	18/02/2026	GANT NEREA	Bodega General 1	C-115883	RE-21098	18/02/2026 23:10	18/02/2026 23:24	Cemento portland	16	1	BB	24155	Elemento
244	19/02/2026	GANT NEREA	Bodega General 6	C-117956	RE-6237	19/02/2026 0:31	19/02/2026 0:38	Cemento portland	16	0	BB	23910	Elemento
213	19/02/2026	GANT NEREA	Bodega General 1	C-131295	RE-11257	19/02/2026 0:29	19/02/2026 0:43	Cemento portland	16	0	BB	23890	Elemento
214	19/02/2026	GANT NEREA	Bodega General 1	C-127915	RE-5666	19/02/2026 0:52	19/02/2026 1:03	Cemento portland	16	0	BB	24015	Elemento
245	19/02/2026	GANT NEREA	Bodega General 6	C-80307	RE-4840	19/02/2026 1:10	19/02/2026 1:17	Cemento portland	16	0	BB	24065	Elemento
246	19/02/2026	GANT NEREA	Bodega General 6	C-80307	RE-4840	19/02/2026 5:05	19/02/2026 5:10	Cemento portland	16	0	BB	24015	Elemento
247	19/02/2026	GANT NEREA	Bodega General 6	C-134940	RE-7682	19/02/2026 5:29	19/02/2026 5:34	Cemento portland	16	0	BB	24140	Elemento
215	19/02/2026	GANT NEREA	Bodega General 1	C-100269	RE-16458	19/02/2026 5:46	19/02/2026 5:56	Cemento portland	16	0	BB	23930	Elemento
270	19/02/2026	GANT NEREA	Bodega General 6	C-130346	RE-5811	19/02/2026 6:58	19/02/2026 7:06	Cemento portland	16	0	BB	23895	Elemento
271	19/02/2026	GANT NEREA	Bodega General 6	C-124370	RE-6893	19/02/2026 7:06	19/02/2026 7:16	Cemento portland	16	0	BB	23870	Elemento
272	19/02/2026	GANT NEREA	Bodega General 6	C-117956	RE-6237	19/02/2026 8:01	19/02/2026 8:07	Cemento portland	16	0	BB	23860	Elemento
216	19/02/2026	GANT NEREA	Bodega General 1	C-119910	RE-2813	19/02/2026 7:58	19/02/2026 8:17	Cemento portland	16	1	BB	23910	Elemento
273	19/02/2026	GANT NEREA	Bodega General 6	C-78800	RE-5368	19/02/2026 8:18	19/02/2026 8:25	Cemento portland	16	0	BB	24135	Elemento
217	19/02/2026	GANT NEREA	Bodega General 1	C-80307	RE-4840	19/02/2026 8:46	19/02/2026 9:00	Cemento portland	16	0	BB	23810	Elemento
218	19/02/2026	GANT NEREA	Bodega General 1	C-100269	RE-16458	19/02/2026 9:14	19/02/2026 9:33	Cemento portland	16	0	BB	24255	Elemento
274	19/02/2026	GANT NEREA	Bodega General 6	C-131295	RE-11257	19/02/2026 9:14	19/02/2026 9:22	Cemento portland	16	0	BB	23910	Elemento
275	19/02/2026	GANT NEREA	Bodega General 6	C-129331	RE-4372	19/02/2026 9:24	19/02/2026 9:31	Cemento portland	16	0	BB	23850	Elemento
276	19/02/2026	GANT NEREA	Bodega General 6	C-125814	RE-1804	19/02/2026 9:32	19/02/2026 9:40	Cemento portland	16	0	BB	23905	Elemento
277	19/02/2026	GANT NEREA	Bodega General 6	C-125308	RE-2144	19/02/2026 9:43	19/02/2026 9:50	Cemento portland	16	0	BB	24020	Elemento
219	19/02/2026	GANT NEREA	Bodega General 1	C-111665	RE-10527	19/02/2026 9:43	19/02/2026 9:55	Cemento portland	16	0	BB	23925	Elemento
278	19/02/2026	GANT NEREA	Bodega General 6	C-138333	RE-4667	19/02/2026 9:54	19/02/2026 10:01	Cemento portland	16	0	BB	23845	Elemento
220	19/02/2026	GANT NEREA	Bodega General 1	C-115856	RE-15479	19/02/2026 9:58	19/02/2026 10:10	Cemento portland	16	0	BB	24160	Elemento
279	19/02/2026	GANT NEREA	Bodega General 6	C-114825	RE-8879	19/02/2026 10:04	19/02/2026 10:13	Cemento portland	16	0	BB	24130	Elemento
280	19/02/2026	GANT NEREA	Bodega General 6	C-130346	RE-5811	19/02/2026 10:18	19/02/2026 10:26	Cemento portland	16	0	BB	24030	Elemento
281	19/02/2026	GANT NEREA	Bodega General 6	C-127350	RE-1597	19/02/2026 10:28	19/02/2026 10:39	Cemento portland	16	0	BB	23740	Elemento
248	19/02/2026	GANT NEREA	Bodega General 1	C-117956	RE-6237	19/02/2026 10:38	19/02/2026 10:58	Cemento portland	16	0	BB	23780	Elemento
282	19/02/2026	GANT NEREA	Bodega General 6	C-134221	RE-6765	19/02/2026 10:59	19/02/2026 11:09	Cemento portland	16	0	BB	24060	Elemento
249	19/02/2026	GANT NEREA	Bodega General 1	C-124370	RE-6893	19/02/2026 10:59	19/02/2026 11:10	Cemento portland	16	0	BB	23925	Elemento
283	19/02/2026	GANT NEREA	Bodega General 6	C-78800	RE-5368	19/02/2026 11:13	19/02/2026 11:19	Cemento portland	16	0	BB	24025	Elemento
250	19/02/2026	GANT NEREA	Bodega General 1	C-134940	RE-7682	19/02/2026 11:11	19/02/2026 11:22	Cemento portland	16	1	BB	24075	Elemento
284	19/02/2026	GANT NEREA	Bodega General 6	C-80307	RE-4840	19/02/2026 11:22	19/02/2026 11:30	Cemento portland	16	0	BB	24000	Elemento
251	19/02/2026	GANT NEREA	Bodega General 1	C-107754	RE-3870	19/02/2026 11:23	19/02/2026 11:32	Cemento portland	16	0	BB	23900	Elemento
285	19/02/2026	GANT NEREA	Bodega General 6	C-131295	RE-11257	19/02/2026 11:39	19/02/2026 11:49	Cemento portland	16	0	BB	23660	Elemento
286	19/02/2026	GANT NEREA	Bodega General 6	C-125814	RE-1804	19/02/2026 11:53	19/02/2026 12:04	Cemento portland	16	1	BB	24000	Elemento
252	19/02/2026	GANT NEREA	Bodega General 1	C-138333	RE-4667	19/02/2026 12:39	19/02/2026 12:50	Cemento portland	16	0	BB	23940	Elemento
287	19/02/2026	GANT NEREA	Bodega General 6	C-111665	RE-10527	19/02/2026 12:45	19/02/2026 12:56	Cemento portland	16	0	BB	24185	Elemento
253	19/02/2026	GANT NEREA	Bodega General 1	C-130346	RE-5811	19/02/2026 12:53	19/02/2026 13:02	Cemento portland	16	0	BB	23835	Elemento
288	19/02/2026	GANT NEREA	Bodega General 6	C-125308	RE-2144	19/02/2026 12:59	19/02/2026 13:07	Cemento portland	16	0	BB	24125	Elemento
289	19/02/2026	GANT NEREA	Bodega General 6	C-100269	RE-16458	19/02/2026 13:20	19/02/2026 13:27	Cemento portland	16	0	BB	23840	Elemento
254	19/02/2026	GANT NEREA	Bodega General 1	C-117956	RE-6237	19/02/2026 13:16	19/02/2026 13:28	Cemento portland	16	0	BB	24040	Elemento
290	19/02/2026	GANT NEREA	Bodega General 6	C-114825	RE-8879	19/02/2026 13:29	19/02/2026 13:39	Cemento portland	16	1	BB	23915	Elemento
255	19/02/2026	GANT NEREA	Bodega General 1	C-127350	RE-1597	19/02/2026 11:39	19/02/2026 11:49	Cemento portland	16	0	BB	23905	Elemento
291	19/02/2026	GANT NEREA	Bodega General 6	C-134221	RE-6765	19/02/2026 14:00	19/02/2026 14:07	Cemento portland	16	0	BB	24025	Elemento
292	19/02/2026	GANT NEREA	Bodega General 6	C-134940	RE-7682	19/02/2026 14:08	19/02/2026 14:17	Cemento portland	16	0	BB	23780	Elemento
293	19/02/2026	GANT NEREA	Bodega General 6	C-131295	RE-11257	19/02/2026 14:19	19/02/2026 14:27	Cemento portland	16	0	BB	24000	Elemento
256	19/02/2026	GANT NEREA	Bodega General 1	C-124370	RE-6893	19/02/2026 14:25	19/02/2026 14:36	Cemento portland	16	0	BB	24045	Elemento
294	19/02/2026	GANT NEREA	Bodega General 6	C-115856	RE-15479	19/02/2026 14:29	19/02/2026 14:38	Cemento portland	16	1	BB	23910	Elemento
295	19/02/2026	GANT NEREA	Bodega General 6	C-125814	RE-1804	19/02/2026 14:43	19/02/2026 14:50	Cemento portland	16	0	BB	23895	Elemento
257	19/02/2026	GANT NEREA	Bodega General 1	C-78800	RE-5368	19/02/2026 14:38	19/02/2026 14:44	Cemento portland	16	0	BB	23890	Elemento
296	19/02/2026	GANT NEREA	Bodega General 6	C-129331	RE-4372	19/02/2026 14:54	19/02/2026 15:02	Cemento portland	16	0	BB	24100	Elemento
297	19/02/2026	GANT NEREA	Bodega General 6	C-138333	RE-4667	19/02/2026 15:04	19/02/2026 15:14	Cemento portland	16	0	BB	23745	Elemento
258	19/02/2026	GANT NEREA	Bodega General 1	C-80307	RE-4840	19/02/2026 15:00	19/02/2026 15:21	Cemento portland	16	2	BB	23870	Elemento
298	19/02/2026	GANT NEREA	Bodega General 6	C-130346	RE-5811	19/02/2026 15:17	19/02/2026 15:26	Cemento portland	16	0	BB	23905	Elemento
259	19/02/2026	GANT NEREA	Bodega General 1	C-107754	RE-3870	19/02/2026 15:25	19/02/2026 15:45	Cemento portland	16	1	BB	23835	Elemento
299	19/02/2026	GANT NEREA	Bodega General 6	C-100269	RE-16458	19/02/2026 15:30	19/02/2026 15:54	Cemento portland	16	0	BB	24080	Elemento
300	19/02/2026	GANT NEREA	Bodega General 6	C-125308	RE-2144	19/02/2026 15:56	19/02/2026 16:03	Cemento portland	16	0	BB	24015	Elemento
301	19/02/2026	GANT NEREA	Bodega General 6	C-117956	RE-6237	19/02/2026 16:05	19/02/2026 16:14	Cemento portland	16	0	BB	23975	Elemento
302	19/02/2026	GANT NEREA	Bodega General 6	C-114825	RE-8879	19/02/2026 16:17	19/02/2026 16:25	Cemento portland	16	1	BB	23870	Elemento
260	19/02/2026	GANT NEREA	Bodega General 1	C-127350	RE-1597	19/02/2026 15:50	19/02/2026 16:10	Cemento portland	16	0	BB	24030	Elemento
303	19/02/2026	GANT NEREA	Bodega General 6	C-134221	RE-6765	19/02/2026 16:29	19/02/2026 16:40	Cemento portland	16	0	BB	23875	Elemento
261	19/02/2026	GANT NEREA	Bodega General 1	C-127915	RE-5666	19/02/2026 16:34	19/02/2026 16:53	Cemento portland	16	0	BB	23970	Elemento
304	19/02/2026	GANT NEREA	Bodega General 6	C-119910	RE-2813	19/02/2026 16:44	19/02/2026 16:54	Cemento portland	16	0	BB	24245	Elemento
305	19/02/2026	GANT NEREA	Bodega General 6	C-134940	RE-7682	19/02/2026 16:57	19/02/2026 17:03	Cemento portland	16	0	BB	23815	Elemento
262	19/02/2026	GANT NEREA	Bodega General 1	C-115856	RE-15479	19/02/2026 16:58	19/02/2026 17:14	Cemento portland	16	0	BB	24035	Elemento
306	19/02/2026	GANT NEREA	Bodega General 6	C-131295	RE-11257	19/02/2026 17:10	19/02/2026 17:17	Cemento portland	16	0	BB	23870	Elemento
307	19/02/2026	GANT NEREA	Bodega General 6	C-111665	RE-10527	19/02/2026 17:21	19/02/2026 17:32	Cemento portland	16	0	BB	24015	Elemento
308	19/02/2026	GANT NEREA	Bodega General 6	C-78800	RE-5368	19/02/2026 17:34	19/02/2026 17:41	Cemento portland	16	0	BB	23960	Elemento
263	19/02/2026	GANT NEREA	Bodega General 1	C-80307	RE-4840	19/02/2026 17:38	19/02/2026 17:52	Cemento portland	16	0	BB	24070	Elemento
309	19/02/2026	GANT NEREA	Bodega General 6	C-129331	RE-4372	19/02/2026 18:00	19/02/2026 18:06	Cemento portland	16	0	BB	24025	Elemento
310	19/02/2026	GANT NEREA	Bodega General 6	C-115883	RE-21098	19/02/2026 18:09	19/02/2026 18:14	Cemento portland	16	0	BB	24030	Elemento
311	19/02/2026	GANT NEREA	Bodega General 6	C-138333	RE-4667	19/02/2026 18:15	19/02/2026 18:23	Cemento portland	16	0	BB	24040	Elemento
312	19/02/2026	GANT NEREA	Bodega General 6	C-107754	RE-3870	19/02/2026 18:26	19/02/2026 18:34	Cemento portland	16	1	BB	24035	Elemento
313	19/02/2026	GANT NEREA	Bodega General 6	C-100269	RE-16458	19/02/2026 18:36	19/02/2026 18:46	Cemento portland	16	0	BB	23945	Elemento
314	19/02/2026	GANT NEREA	Bodega General 6	C-125308	RE-2144	19/02/2026 18:47	19/02/2026 18:56	Cemento portland	16	0	BB	23865	Elemento
264	19/02/2026	GANT NEREA	Bodega General 1	C-117956	RE-6237	19/02/2026 18:44	19/02/2026 19:01	Cemento portland	16	0	BB	23830	Elemento
315	19/02/2026	GANT NEREA	Bodega General 6	C-114825	RE-8879	19/02/2026 18:58	19/02/2026 19:07	Cemento portland	16	0	BB	24030	Elemento
316	19/02/2026	GANT NEREA	Bodega General 6	C-134221	RE-6765	19/02/2026 19:09	19/02/2026 19:15	Cemento portland	16	0	BB	24170	Elemento
317	19/02/2026	GANT NEREA	Bodega General 6	C-131295	RE-11257	19/02/2026 19:17	19/02/2026 19:23	Cemento portland	16	0	BB	23860	Elemento
265	19/02/2026	GANT NEREA	Bodega General 1	C-127915	RE-5666	19/02/2026 19:07	19/02/2026 19:34	Cemento portland	16	0	BB	23955	Elemento
318	19/02/2026	GANT NEREA	Bodega General 6	C-134940	RE-7682	19/02/2026 19:24	19/02/2026 19:38	Cemento portland	16	1	BB	23950	Elemento
266	19/02/2026	GANT NEREA	Bodega General 1	C-119910	RE-2813	19/02/2026 19:42	19/02/2026 19:50	Cemento portland	16	0	BB	23895	Elemento
319	19/02/2026	GANT NEREA	Bodega General 6	C-111665	RE-10527	19/02/2026 20:14	19/02/2026 20:20	Cemento portland	16	1	BB	24090	Elemento
320	19/02/2026	GANT NEREA	Bodega General 6	C-124370	RE-6893	19/02/2026 20:35	19/02/2026 20:42	Cemento portland	16	0	BB	24130	Elemento
321	19/02/2026	GANT NEREA	Bodega General 6	C-80307	RE-4840	19/02/2026 20:44	19/02/2026 20:49	Cemento portland	16	0	BB	23950	Elemento
267	19/02/2026	GANT NEREA	Bodega General 1	C-78800	RE-5368	19/02/2026 20:37	19/02/2026 20:58	Cemento portland	16	0	BB	24145	Elemento
322	19/02/2026	GANT NEREA	Bodega General 6	C-129331	RE-4372	19/02/2026 20:59	19/02/2026 21:06	Cemento portland	16	0	BB	23955	Elemento
268	19/02/2026	GANT NEREA	Bodega General 1	C-115883	RE-21098	19/02/2026 21:01	19/02/2026 21:09	Cemento portland	16	0	BB	24145	Elemento
355	19/02/2026	GANT NEREA	Bodega General 6	C-138333	RE-4667	19/02/2026 21:08	19/02/2026 21:14	Cemento portland	16	0	BB	23925	Elemento
356	19/02/2026	GANT NEREA	Bodega General 6	C-117956	RE-6237	19/02/2026 21:33	19/02/2026 21:41	Cemento portland	16	1	BB	23915	Elemento
269	19/02/2026	GANT NEREA	Bodega General 1	C-100269	RE-16458	19/02/2026 21:39	19/02/2026 21:50	Cemento portland	16	0	BB	24055	Elemento
357	19/02/2026	GANT NEREA	Bodega General 6	C-114825	RE-8879	19/02/2026 22:04	19/02/2026 22:11	Cemento portland	16	0	BB	24335	Elemento
358	19/02/2026	GANT NEREA	Bodega General 6	C-120284	RE-9677	19/02/2026 22:13	19/02/2026 22:19	Cemento portland	16	1	BB	23990	Elemento
323	19/02/2026	GANT NEREA	Bodega General 1	C-131295	RE-11257	19/02/2026 22:11	19/02/2026 22:22	Cemento portland	16	0	BB	24110	Elemento
324	19/02/2026	GANT NEREA	Bodega General 1	C-127915	RE-5666	19/02/2026 22:40	19/02/2026 22:50	Cemento portland	16	0	BB	24085	Elemento
359	19/02/2026	GANT NEREA	Bodega General 6	C-134221	RE-6765	19/02/2026 22:51	19/02/2026 23:10	Cemento portland	16	1	BB	23885	Elemento
360	19/02/2026	GANT NEREA	Bodega General 6	C-80307	RE-4840	19/02/2026 23:15	19/02/2026 23:25	Cemento portland	16	0	BB	23965	Elemento
361	19/02/2026	GANT NEREA	Bodega General 6	C-124370	RE-6893	19/02/2026 23:28	19/02/2026 23:33	Cemento portland	16	0	BB	24175	Elemento
362	19/02/2026	GANT NEREA	Bodega General 6	C-117956	RE-6237	19/02/2026 23:28	19/02/2026 23:40	Cemento portland	16	0	BB	24445	Elemento
325	19/02/2026	GANT NEREA	Bodega General 1	C-115883	RE-21098	19/02/2026 23:32	19/02/2026 23:45	Cemento portland	16	1	BB	23650	Elemento
363	19/02/2026	GANT NEREA	Bodega General 6	C-138333	RE-4667	19/02/2026 23:44	19/02/2026 23:50	Cemento portland	16	0	BB	24185	Elemento
364	19/02/2026	GANT NEREA	Bodega General 6	C-100269	RE-16458	19/02/2026 23:57	20/02/2026 0:02	Cemento portland	16	0	BB	24010	Elemento
326	19/02/2026	GANT NEREA	Bodega General 1	C-78800	RE-5368	19/02/2026 23:54	20/02/2026 0:04	Cemento portland	16	0	BB	23895	Elemento
365	20/02/2026	GANT NEREA	Bodega General 6	C-131295	RE-11257	20/02/2026 0:34	20/02/2026 0:40	Cemento portland	16	0	BB	23755	Elemento
366	20/02/2026	GANT NEREA	Bodega General 6	C-134221	RE-6765	20/02/2026 0:52	20/02/2026 0:58	Cemento portland	16	0	BB	24130	Elemento
367	20/02/2026	GANT NEREA	Bodega General 6	C-124370	RE-6893	20/02/2026 1:00	20/02/2026 1:05	Cemento portland	16	0	BB	24080	Elemento
327	20/02/2026	GANT NEREA	Bodega General 1	C-127915	RE-5666	20/02/2026 0:55	20/02/2026 1:05	Cemento portland	16	0	BB	24015	Elemento
328	20/02/2026	GANT NEREA	Bodega General 1	C-80307	RE-4840	20/02/2026 1:08	20/02/2026 1:21	Cemento portland	16	0	BB	24100	Elemento
368	20/02/2026	GANT NEREA	Bodega General 6	C-115883	RE-21098	20/02/2026 1:17	20/02/2026 1:21	Cemento portland	16	0	BB	23875	Elemento
369	20/02/2026	GANT NEREA	Bodega General 6	C-120284	RE-9677	20/02/2026 1:24	20/02/2026 1:29	Cemento portland	16	0	BB	24020	Elemento
329	20/02/2026	GANT NEREA	Bodega General 1	C-138333	RE-4667	20/02/2026 1:24	20/02/2026 1:41	Cemento portland	16	0	BB	24065	Elemento
370	20/02/2026	GANT NEREA	Bodega General 6	C-100269	RE-16458	20/02/2026 1:43	20/02/2026 1:49	Cemento portland	16	0	BB	24030	Elemento
330	20/02/2026	GANT NEREA	Bodega General 1	C-129331	RE-4372	20/02/2026 1:53	20/02/2026 2:04	Cemento portland	16	0	BB	24020	Elemento
371	20/02/2026	GANT NEREA	Bodega General 6	C-134221	RE-6765	20/02/2026 2:10	20/02/2026 2:16	Cemento portland	16	1	BB	23980	Elemento
372	20/02/2026	GANT NEREA	Bodega General 6	C-124370	RE-6893	20/02/2026 2:18	20/02/2026 2:22	Cemento portland	16	0	BB	24025	Elemento
331	20/02/2026	GANT NEREA	Bodega General 1	C-127915	RE-5666	20/02/2026 2:23	20/02/2026 2:33	Cemento portland	16	0	BB	24055	Elemento
373	20/02/2026	GANT NEREA	Bodega General 6	C-115883	RE-21098	20/02/2026 2:31	20/02/2026 2:35	Cemento portland	16	0	BB	24115	Elemento
374	20/02/2026	GANT NEREA	Bodega General 6	C-80307	RE-4840	20/02/2026 2:37	20/02/2026 2:47	Cemento portland	16	0	BB	24000	Elemento
332	20/02/2026	GANT NEREA	Bodega General 1	C-120284	RE-9677	20/02/2026 2:38	20/02/2026 2:47	Cemento portland	16	2	BB	23895	Elemento
375	20/02/2026	GANT NEREA	Bodega General 6	C-111665	RE-10527	20/02/2026 2:51	20/02/2026 2:57	Cemento portland	16	0	BB	24020	Elemento
376	20/02/2026	GANT NEREA	Bodega General 6	C-138333	RE-4667	20/02/2026 2:59	20/02/2026 3:06	Cemento portland	16	0	BB	23840	Elemento
377	20/02/2026	GANT NEREA	Bodega General 6	C-129331	RE-4372	20/02/2026 3:09	20/02/2026 3:13	Cemento portland	16	0	BB	24025	Elemento
333	20/02/2026	GANT NEREA	Bodega General 1	C-100269	RE-16458	20/02/2026 3:06	20/02/2026 3:19	Cemento portland	16	0	BB	23950	Elemento
378	20/02/2026	GANT NEREA	Bodega General 6	C-125308	RE-2144	20/02/2026 3:24	20/02/2026 3:30	Cemento portland	16	0	BB	23945	Elemento
334	20/02/2026	GANT NEREA	Bodega General 1	C-124370	RE-6893	20/02/2026 3:57	20/02/2026 4:09	Cemento portland	16	0	BB	24060	Elemento
379	20/02/2026	GANT NEREA	Bodega General 6	C-129331	RE-4372	20/02/2026 4:40	20/02/2026 4:45	Cemento portland	16	0	BB	23745	Elemento
335	20/02/2026	GANT NEREA	Bodega General 1	C-115883	RE-21098	20/02/2026 4:35	20/02/2026 4:49	Cemento portland	16	0	BB	23990	Elemento
380	20/02/2026	GANT NEREA	Bodega General 6	C-120284	RE-9677	20/02/2026 4:47	20/02/2026 4:52	Cemento portland	16	0	BB	23865	Elemento
381	20/02/2026	GANT NEREA	Bodega General 6	C-111665	RE-10527	20/02/2026 4:54	20/02/2026 5:01	Cemento portland	16	1	BB	23915	Elemento
336	20/02/2026	GANT NEREA	Bodega General 1	C-80307	RE-4840	20/02/2026 4:53	20/02/2026 5:02	Cemento portland	16	0	BB	23930	Elemento
382	20/02/2026	GANT NEREA	Bodega General 6	C-125308	RE-2144	20/02/2026 5:05	20/02/2026 5:13	Cemento portland	16	0	BB	24010	Elemento
337	20/02/2026	GANT NEREA	Bodega General 1	C-100269	RE-16458	20/02/2026 5:07	20/02/2026 5:17	Cemento portland	16	0	BB	24025	Elemento
383	20/02/2026	GANT NEREA	Bodega General 6	C-114825	RE-8879	20/02/2026 5:16	20/02/2026 5:20	Cemento portland	16	1	BB	24080	Elemento
338	20/02/2026	GANT NEREA	Bodega General 1	C-124370	RE-6893	20/02/2026 5:25	20/02/2026 5:39	Cemento portland	16	0	BB	24085	Elemento
384	20/02/2026	GANT NEREA	Bodega General 6	C-115883	RE-21098	20/02/2026 6:29	20/02/2026 6:44	Cemento portland	16	1	BB	24120	Elemento
339	20/02/2026	GANT NEREA	Bodega General 1	C-131295	RE-11257	20/02/2026 6:20	20/02/2026 6:45	Cemento portland	16	0	BB	24135	Elemento
385	20/02/2026	GANT NEREA	Bodega General 6	C-80307	RE-4840	20/02/2026 6:46	20/02/2026 6:56	Cemento portland	16	0	BB	24135	Elemento
340	20/02/2026	GANT NEREA	Bodega General 1	C-111665	RE-10527	20/02/2026 6:47	20/02/2026 7:07	Cemento portland	16	0	BB	23950	Elemento
386	20/02/2026	GANT NEREA	Bodega General 6	C-134940	RE-7682	20/02/2026 7:00	20/02/2026 7:09	Cemento portland	16	0	BB	23915	Elemento
387	20/02/2026	GANT NEREA	Bodega General 6	C-114825	RE-8879	20/02/2026 7:15	20/02/2026 7:25	Cemento portland	16	0	BB	23885	Elemento
341	20/02/2026	GANT NEREA	Bodega General 1	C-117956	RE-6237	20/02/2026 7:10	20/02/2026 7:26	Cemento portland	16	0	BB	23950	Elemento
388	20/02/2026	GANT NEREA	Bodega General 6	C-114811	RE-8924	20/02/2026 7:29	20/02/2026 7:39	Cemento portland	16	0	BB	23975	Elemento
389	20/02/2026	GANT NEREA	Bodega General 6	C-125814	RE-1804	20/02/2026 7:42	20/02/2026 7:51	Cemento portland	16	0	BB	23775	Elemento
390	20/02/2026	GANT NEREA	Bodega General 6	C-124370	RE-6893	20/02/2026 7:54	20/02/2026 8:07	Cemento portland	16	0	BB	24075	Elemento
342	20/02/2026	GANT NEREA	Bodega General 1	C-131295	RE-11257	20/02/2026 8:00	20/02/2026 8:17	Cemento portland	16	0	BB	24130	Elemento
391	20/02/2026	GANT NEREA	Bodega General 6	C-115883	RE-21098	20/02/2026 8:11	20/02/2026 8:23	Cemento portland	16	0	BB	24025	Elemento
343	20/02/2026	GANT NEREA	Bodega General 1	C-80307	RE-4840	20/02/2026 8:19	20/02/2026 8:32	Cemento portland	16	0	BB	24145	Elemento
392	20/02/2026	GANT NEREA	Bodega General 6	C-134940	RE-7682	20/02/2026 8:26	20/02/2026 8:34	Cemento portland	16	0	BB	23955	Elemento
393	20/02/2026	GANT NEREA	Bodega General 6	C-114825	RE-8879	20/02/2026 8:38	20/02/2026 8:48	Cemento portland	16	0	BB	24155	Elemento
344	20/02/2026	GANT NEREA	Bodega General 1	C-117956	RE-6237	20/02/2026 8:33	20/02/2026 8:48	Cemento portland	16	0	BB	24095	Elemento
394	20/02/2026	GANT NEREA	Bodega General 6	C-111665	RE-10527	20/02/2026 9:00	20/02/2026 9:09	Cemento portland	16	0	BB	24245	Elemento
345	20/02/2026	GANT NEREA	Bodega General 1	C-119910	RE-2813	20/02/2026 8:51	20/02/2026 9:12	Cemento portland	16	0	BB	24155	Elemento
395	20/02/2026	GANT NEREA	Bodega General 6	C-114811	RE-8924	20/02/2026 9:17	20/02/2026 9:28	Cemento portland	16	0	BB	24040	Elemento
346	20/02/2026	GANT NEREA	Bodega General 1	C-100269	RE-16458	20/02/2026 9:16	20/02/2026 9:29	Cemento portland	16	1	BB	23920	Elemento
347	20/02/2026	GANT NEREA	Bodega General 1	C-131295	RE-11257	20/02/2026 9:30	20/02/2026 9:40	Cemento portland	16	1	BB	24005	Elemento
396	20/02/2026	GANT NEREA	Bodega General 6	C-124370	RE-6893	20/02/2026 9:33	20/02/2026 9:42	Cemento portland	16	1	BB	23750	Elemento
397	20/02/2026	GANT NEREA	Bodega General 6	C-127915	RE-5666	20/02/2026 9:46	20/02/2026 9:55	Cemento portland	16	0	BB	24010	Elemento
348	20/02/2026	GANT NEREA	Bodega General 1	C-115883	RE-21098	20/02/2026 9:42	20/02/2026 9:59	Cemento portland	16	0	BB	24115	Elemento
398	20/02/2026	GANT NEREA	Bodega General 6	C-120284	RE-9677	20/02/2026 10:03	20/02/2026 10:13	Cemento portland	16	0	BB	24065	Elemento
349	20/02/2026	GANT NEREA	Bodega General 1	C-134940	RE-7682	20/02/2026 10:02	20/02/2026 10:16	Cemento portland	16	0	BB	23680	Elemento
399	20/02/2026	GANT NEREA	Bodega General 6	C-130346	RE-5811	20/02/2026 10:15	20/02/2026 10:24	Cemento portland	16	0	BB	24000	Elemento
400	20/02/2026	GANT NEREA	Bodega General 6	C-138333	RE-4667	20/02/2026 10:41	20/02/2026 10:53	Cemento portland	16	0	BB	24100	Elemento
350	20/02/2026	GANT NEREA	Bodega General 1	C-119910	RE-2813	20/02/2026 10:51	20/02/2026 11:01	Cemento portland	16	0	BB	23885	Elemento
401	20/02/2026	GANT NEREA	Bodega General 6	C-117956	RE-6237	20/02/2026 10:55	20/02/2026 11:06	Cemento portland	16	0	BB	24075	Elemento
402	20/02/2026	GANT NEREA	Bodega General 6	C-114825	RE-8879	20/02/2026 11:10	20/02/2026 11:18	Cemento portland	16	0	BB	23785	Elemento
351	20/02/2026	GANT NEREA	Bodega General 1	C-124370	RE-6893	20/02/2026 11:19	20/02/2026 11:29	Cemento portland	16	0	BB	24060	Elemento
403	20/02/2026	GANT NEREA	Bodega General 6	C-111665	RE-10527	20/02/2026 11:21	20/02/2026 11:31	Cemento portland	16	0	BB	23975	Elemento
352	20/02/2026	GANT NEREA	Bodega General 1	C-127915	RE-5666	20/02/2026 11:30	20/02/2026 11:37	Cemento portland	16	0	BB	24020	Elemento
404	20/02/2026	GANT NEREA	Bodega General 6	C-131295	RE-11257	20/02/2026 11:33	20/02/2026 11:40	Cemento portland	16	0	BB	23980	Elemento
405	20/02/2026	GANT NEREA	Bodega General 6	C-125814	RE-1804	20/02/2026 13:07	20/02/2026 13:34	Cemento portland	16	0	BB	23910	Elemento
406	20/02/2026	GANT NEREA	Bodega General 6	C-115883	RE-21098	20/02/2026 12:05	20/02/2026 12:12	Cemento portland	16	0	BB	24130	Elemento
407	20/02/2026	GANT NEREA	Bodega General 6	C-134940	RE-7682	20/02/2026 12:51	20/02/2026 13:03	Cemento portland	16	0	BB	24010	Elemento
353	20/02/2026	GANT NEREA	Bodega General 1	C-130346	RE-5811	20/02/2026 12:59	20/02/2026 13:09	Cemento portland	16	0	BB	24040	Elemento
408	20/02/2026	GANT NEREA	Bodega General 6	C-120284	RE-9677	20/02/2026 13:07	20/02/2026 13:19	Cemento portland	16	0	BB	24075	Elemento
409	20/02/2026	GANT NEREA	Bodega General 6	C-100269	RE-16458	20/02/2026 13:07	20/02/2026 13:32	Cemento portland	16	0	BB	24080	Elemento
410	20/02/2026	GANT NEREA	Bodega General 6	C-119910	RE-2813	20/02/2026 13:39	20/02/2026 13:50	Cemento portland	16	0	BB	23775	Elemento
354	20/02/2026	GANT NEREA	Bodega General 1	C-138333	RE-4667	20/02/2026 13:25	20/02/2026 13:51	Cemento portland	16	1	BB	23775	Elemento
411	20/02/2026	GANT NEREA	Bodega General 6	C-117956	RE-6237	20/02/2026 13:53	20/02/2026 14:03	Cemento portland	16	0	BB	24065	Elemento
432	20/02/2026	GANT NEREA	Bodega General 1	C-127915	RE-5666	20/02/2026 13:57	20/02/2026 14:20	Cemento portland	17	0	BB	25550	Elemento
412	20/02/2026	GANT NEREA	Bodega General 6	C-114825	RE-8879	20/02/2026 14:09	20/02/2026 14:21	Cemento portland	16	0	BB	23900	Elemento
433	20/02/2026	GANT NEREA	Bodega General 1	C-65323	RE-16804	20/02/2026 14:23	20/02/2026 14:36	Cemento portland	16	0	BB	23950	Elemento
413	20/02/2026	GANT NEREA	Bodega General 6	C-124370	RE-6893	20/02/2026 14:26	20/02/2026 14:43	Cemento portland	16	0	BB	24005	Elemento
414	20/02/2026	GANT NEREA	Bodega General 6	C-131295	RE-11257	20/02/2026 14:51	20/02/2026 15:04	Cemento portland	16	0	BB	23865	Elemento
434	20/02/2026	GANT NEREA	Bodega General 1	C-134940	RE-7682	20/02/2026 14:49	20/02/2026 15:10	Cemento portland	16	1	BB	23920	Elemento
415	20/02/2026	GANT NEREA	Bodega General 6	C-115883	RE-21098	20/02/2026 15:08	20/02/2026 15:19	Cemento portland	16	0	BB	24295	Elemento
416	20/02/2026	GANT NEREA	Bodega General 6	C-100269	RE-16458	20/02/2026 15:22	20/02/2026 15:32	Cemento portland	16	0	BB	24090	Elemento
435	20/02/2026	GANT NEREA	Bodega General 1	C-117956	RE-6237	20/02/2026 15:35	20/02/2026 15:49	Cemento portland	16	0	BB	24090	Elemento
436	20/02/2026	GANT NEREA	Bodega General 1	C-138333	RE-4667	20/02/2026 15:52	20/02/2026 16:00	Cemento portland	16	0	BB	24180	Elemento
417	20/02/2026	GANT NEREA	Bodega General 6	C-119910	RE-2813	20/02/2026 15:50	20/02/2026 15:32	Cemento portland	16	0	BB	23920	Elemento
418	20/02/2026	GANT NEREA	Bodega General 6	C-113448	RE-2692	20/02/2026 16:05	20/02/2026 16:11	Cemento portland	16	0	BB	24060	Elemento
437	20/02/2026	GANT NEREA	Bodega General 1	C-65323	RE-16804	20/02/2026 16:02	20/02/2026 16:12	Cemento portland	16	0	BB	23850	Elemento
419	20/02/2026	GANT NEREA	Bodega General 6	C-127915	RE-5666	20/02/2026 16:14	20/02/2026 16:35	Cemento portland	16	0	BB	23865	Elemento
420	20/02/2026	GANT NEREA	Bodega General 6	C-114825	RE-8879	20/02/2026 16:36	20/02/2026 16:58	Cemento portland	16	0	BB	23975	Elemento
438	20/02/2026	GANT NEREA	Bodega General 1	C-115883	RE-21098	20/02/2026 16:38	20/02/2026 16:53	Cemento portland	16	1	BB	24035	Elemento
439	20/02/2026	GANT NEREA	Bodega General 1	C-117956	RE-6237	20/02/2026 17:07	20/02/2026 17:17	Cemento portland	16	0	BB	23920	Elemento
421	20/02/2026	GANT NEREA	Bodega General 6	C-134940	RE-7682	20/02/2026 17:01	20/02/2026 17:18	Cemento portland	16	0	BB	24425	Elemento
422	20/02/2026	GANT NEREA	Bodega General 6	C-124370	RE-6893	20/02/2026 17:25	20/02/2026 17:42	Cemento portland	16	0	BB	23990	Elemento
441	20/02/2026	GANT NEREA	Bodega General 1	C-65323	RE-16804	20/02/2026 17:35	20/02/2026 17:43	Cemento portland	16	0	BB	24265	Elemento
423	20/02/2026	GANT NEREA	Bodega General 6	C-111665	RE-10527	20/02/2026 18:12	20/02/2026 18:22	Cemento portland	16	0	BB	23975	Elemento
424	20/02/2026	GANT NEREA	Bodega General 6	C-100269	RE-16458	20/02/2026 18:25	20/02/2026 18:32	Cemento portland	16	0	BB	23855	Elemento
425	20/02/2026	GANT NEREA	Bodega General 6	C-138333	RE-4667	20/02/2026 18:34	20/02/2026 18:40	Cemento portland	16	0	BB	24020	Elemento
426	20/02/2026	GANT NEREA	Bodega General 6	C-115883	RE-21098	20/02/2026 18:42	20/02/2026 18:48	Cemento portland	16	0	BB	23880	Elemento
427	20/02/2026	GANT NEREA	Bodega General 6	C-114825	RE-8879	20/02/2026 18:50	20/02/2026 18:56	Cemento portland	16	0	BB	23860	Elemento
442	20/02/2026	GANT NEREA	Bodega General 1	C-127915	RE-5666	20/02/2026 18:26	20/02/2026 19:00	Cemento portland	16	0	BB	23885	Elemento
428	20/02/2026	GANT NEREA	Bodega General 6	C-117956	RE-6237	20/02/2026 18:59	20/02/2026 19:03	Cemento portland	16	0	BB	24005	Elemento
429	20/02/2026	GANT NEREA	Bodega General 6	C-134940	RE-7682	20/02/2026 19:05	20/02/2026 19:23	Cemento portland	16	0	BB	23950	Elemento
443	20/02/2026	GANT NEREA	Bodega General 1	C-119910	RE-2813	20/02/2026 19:09	20/02/2026 19:25	Cemento portland	16	0	BB	24095	Elemento
430	20/02/2026	GANT NEREA	Bodega General 6	C-110814	RE-18757	20/02/2026 19:29	20/02/2026 19:38	Cemento portland	16	0	BB	24160	Elemento
431	20/02/2026	GANT NEREA	Bodega General 6	C-124370	RE-6893	20/02/2026 19:42	20/02/2026 21:10	Cemento portland	16	0	BB	24050	Elemento
445	20/02/2026	GANT NEREA	Bodega General 6	C-111665	RE-10527	20/02/2026 19:53	20/02/2026 20:07	Cemento portland	16	0	BB	24195	Elemento
446	20/02/2026	GANT NEREA	Bodega General 6	C-113608	RE-5019	20/02/2026 20:10	20/02/2026 20:25	Cemento portland	16	0	BB	23875	Elemento
447	20/02/2026	GANT NEREA	Bodega General 6	C-101858	RE-18988	20/02/2026 20:28	20/02/2026 20:38	Cemento portland	16	0	BB	24130	Elemento
448	20/02/2026	GANT NEREA	Bodega General 6	C-109406	RE-16031	20/02/2026 20:46	20/02/2026 20:49	Cemento portland	16	0	BB	23865	Elemento
449	20/02/2026	GANT NEREA	Bodega General 6	C-130699	RE-10203	20/02/2026 20:49	20/02/2026 20:52	Cemento portland	16	0	BB	24180	Elemento
444	20/02/2026	GANT NEREA	Bodega General 1	C-113448	RE-2692	20/02/2026 19:34	20/02/2026 19:57	Cemento portland	16	0	BB	23990	Elemento
450	20/02/2026	GANT NEREA	Bodega General 6	C-138333	RE-4667	20/02/2026 20:54	20/02/2026 20:59	Cemento portland	16	0	BB	24005	Elemento
451	20/02/2026	GANT NEREA	Bodega General 6	C-114825	RE-8879	20/02/2026 21:00	20/02/2026 21:05	Cemento portland	16	0	BB	23935	Elemento
452	20/02/2026	GANT NEREA	Bodega General 6	C-115883	RE-21098	20/02/2026 21:07	20/02/2026 21:11	Cemento portland	16	0	BB	24055	Elemento
453	20/02/2026	GANT NEREA	Bodega General 6	C-117956	RE-6237	20/02/2026 21:13	20/02/2026 21:13	Cemento portland	4	0	BB	6030	Elemento
454	20/02/2026	GANT NEREA	Bodega General 6	C-127915	RE-5666	20/02/2026 21:14	20/02/2026 21:17	Cemento portland	16	0	BB	23925	Elemento
455	20/02/2026	GANT NEREA	Bodega General 6	C-80945	RE-3516	20/02/2026 21:19	20/02/2026 21:22	Cemento portland	16	0	BB	23900	Elemento
456	20/02/2026	GANT NEREA	Bodega General 6	C-134940	RE-7682	20/02/2026 21:24	20/02/2026 21:28	Cemento portland	16	0	BB	23935	Elemento
457	20/02/2026	GANT NEREA	Bodega General 6	C-119910	RE-2813	20/02/2026 21:30	20/02/2026 21:33	Cemento portland	16	0	BB	23885	Elemento
458	20/02/2026	GANT NEREA	Bodega General 6	C-111665	RE-10527	20/02/2026 21:35	20/02/2026 21:39	Cemento portland	16	0	BB	23930	Elemento
459	20/02/2026	GANT NEREA	Bodega General 6	C-138333	RE-4667	20/02/2026 21:41	20/02/2026 21:44	Cemento portland	16	0	BB	24050	Elemento
460	20/02/2026	GANT NEREA	Bodega General 6	C-114825	RE-8879	20/02/2026 21:46	20/02/2026 21:49	Cemento portland	7	1	BB	10570	Elemento
461	20/02/2026	GANT NEREA	Bodega General 6	C-115883	RE-21098	20/02/2026 21:51	20/02/2026 21:54	Cemento portland	16	0	BB	23925	Elemento
440	20/02/2026	GANT NEREA	Bodega General 1	C-113448	RE-2692	20/02/2026 17:19	20/02/2026 17:34	Cemento portland	16	0	BB	23915	Elemento
